2019-04-21 13:50:48.472133,1_baseline,No Car,No Car,No Car,No Car,No Car,No Car,16.27,48.95,38.65,5.47,17.86,30.40,41.62,47.85,0.52,18.85,63.75,41.69,18.51,33.76,-23.09,49.30,56.45,23.07,9.53,7.04,79.58,13.13,22.48,35.07,9.05,-6.58,30.82
2019-04-21 13:51:19.942523,1_baseline,No Car,No Car,No Car,No Car,No Car,No Car,14.33,48.41,38.14,5.47,17.86,31.42,42.34,48.93,-0.86,19.37,64.62,41.86,17.10,31.98,-25.82,49.13,54.84,23.25,10.61,6.67,78.88,10.43,23.38,34.56,6.88,-5.12,31.52
2019-04-21 13:52:07.307149,1_baseline,No Car,No Car,No Car,No Car,No Car,No Car,15.03,49.84,38.14,6.52,17.51,30.74,42.34,48.57,-0.17,18.85,64.10,43.03,17.45,32.33,-23.43,50.02,56.09,23.76,9.35,8.30,78.36,11.15,23.02,35.94,8.14,-5.66,32.75
2019-04-21 13:52:25.040391,1_baseline,No Car,No Car,No Car,No Car,No Car,No Car,15.74,46.98,39.16,5.11,17.16,30.74,43.59,49.82,-1.04,20.07,63.57,42.53,18.69,33.23,-24.29,49.13,56.63,22.56,9.89,7.76,79.58,11.51,23.73,33.87,8.14,-4.20,32.05
2019-04-21 13:52:49.511291,1_baseline,No Car,No Car,No Car,No Car,No Car,No Car,16.45,48.05,38.14,5.47,18.57,29.04,44.30,47.67,-1.38,21.82,63.92,43.20,18.86,33.05,-25.14,50.02,57.16,23.42,8.63,6.49,78.36,11.33,21.76,35.42,7.78,-3.84,32.40
2019-04-21 13:53:21.443991,1_baseline,No Car,No Car,No Car,No Car,No Car,No Car,15.39,48.41,39.16,5.64,17.69,30.23,43.05,47.85,-1.56,19.90,64.10,44.04,17.63,34.30,-24.29,50.20,56.99,23.59,10.43,5.41,79.75,10.97,21.40,35.07,8.87,-4.93,32.40
2019-04-21 13:53:57.338935,1_baseline,No Car,No Car,No Car,No Car,No Car,No Car,15.39,48.05,38.14,4.05,18.22,30.74,41.80,48.03,-1.38,19.37,65.67,42.53,17.45,33.05,-24.80,49.84,58.06,23.25,8.81,5.95,78.54,11.69,21.76,35.42,8.33,-4.75,32.22
2019-04-21 13:54:13.326721,1_baseline,No Car,No Car,No Car,No Car,No Car,No Car,15.21,47.16,39.68,5.99,17.33,29.55,42.69,48.93,-1.21,19.02,63.57,42.86,19.57,32.69,-24.11,50.20,56.63,23.25,9.53,7.76,79.58,11.87,23.38,34.56,8.69,-5.12,32.22
2019-04-21 13:54:41.370286,1_baseline,No Car,No Car,No Car,No Car,No Car,No Car,16.10,47.34,38.14,4.05,18.93,29.72,42.52,48.39,-1.38,19.90,64.10,42.36,17.28,31.80,-24.63,50.91,55.20,23.59,8.81,6.31,78.88,10.97,22.48,34.73,7.96,-4.02,31.52
2019-04-21 13:55:06.658738,1_baseline,No Car,No Car,No Car,No Car,No Car,No Car,16.45,47.70,39.16,5.82,17.51,30.40,44.84,47.49,-2.94,21.12,64.62,42.53,19.75,33.94,-23.26,49.30,55.02,23.76,9.35,6.86,78.36,12.41,22.48,34.38,7.78,-4.20,31.00
2019-04-21 13:55:25.122453,1_baseline,No Car,No Car,No Car,No Car,No Car,No Car,15.03,48.77,39.16,5.99,16.63,30.23,42.69,47.49,-0.86,20.94,63.39,42.02,16.92,33.58,-23.94,48.95,56.81,23.42,11.15,5.77,79.06,11.15,22.66,35.59,8.33,-5.85,31.52
2019-04-21 13:56:09.204242,1_baseline,No Car,No Car,No Car,No Car,No Car,No Car,15.92,49.30,39.34,5.11,18.22,30.40,43.05,49.29,-0.52,20.60,64.80,42.02,18.33,32.87,-23.94,48.41,55.56,23.59,10.61,7.04,78.54,12.23,23.73,35.94,7.78,-4.57,31.00
2019-04-21 13:56:43.601433,1_baseline,No Car,No Car,No Car,No Car,No Car,No Car,13.80,49.30,38.31,5.82,16.45,29.38,42.34,48.57,-1.90,19.55,64.80,42.36,18.69,33.23,-24.63,50.02,56.45,23.76,8.63,7.58,78.36,12.59,21.94,36.63,8.33,-4.75,31.52
2019-04-21 13:58:46.662977,2_baseline,No Car,No Car,No Car,No Car,No Car,No Car,14.50,48.23,38.31,5.29,16.98,29.21,41.98,48.93,-0.52,20.07,65.67,39.84,17.45,35.91,-23.77,48.77,56.27,23.25,10.07,8.66,78.36,12.77,24.63,34.38,8.51,-3.47,30.65
2019-04-21 13:59:06.748394,2_baseline,No Car,No Car,No Car,No Car,No Car,No Car,15.39,50.91,38.14,4.05,18.22,30.06,42.34,49.29,-0.86,20.94,65.15,42.02,19.22,33.05,-24.11,49.66,57.52,23.76,10.97,8.48,78.54,12.23,23.02,34.90,8.14,-4.57,31.70
2019-04-21 14:00:32.357194,2_baseline,No Car,No Car,No Car,No Car,No Car,No Car,14.86,48.59,37.97,5.29,18.40,29.55,42.52,49.11,-1.73,21.64,64.80,41.35,18.16,32.69,-24.11,48.77,56.27,23.94,11.33,7.76,78.19,11.69,24.27,35.07,7.06,-3.84,30.65
2019-04-21 14:01:13.216209,2_baseline,No Car,No Car,No Car,No Car,No Car,No Car,16.45,49.48,38.48,3.53,17.69,28.87,40.73,49.11,-2.07,21.29,66.20,40.68,17.98,33.23,-23.94,47.52,56.45,23.07,11.69,7.76,77.50,11.51,22.66,35.25,7.42,-4.93,30.30
2019-04-21 14:01:52.034032,2_baseline,No Car,No Car,No Car,No Car,No Car,No Car,15.74,50.91,37.45,2.64,18.93,29.72,42.52,50.54,-1.73,21.12,66.02,40.85,17.98,33.94,-24.97,47.34,55.91,21.18,11.33,8.84,78.54,11.33,23.20,34.38,7.60,-3.65,33.27
2019-04-21 14:02:33.086949,2_baseline,No Car,No Car,No Car,No Car,No Car,No Car,14.15,49.66,38.65,4.58,18.40,29.55,41.44,48.03,-2.07,19.37,64.62,41.86,18.51,33.41,-24.80,50.02,55.74,23.07,10.97,10.28,78.19,13.67,22.30,34.90,7.06,-3.47,31.35
2019-04-21 14:03:17.600981,2_baseline,No Car,No Car,No Car,No Car,No Car,No Car,15.57,49.30,37.97,4.76,18.93,29.72,41.62,50.00,-1.90,20.60,65.15,40.01,18.16,33.76,-24.11,47.70,55.56,23.59,11.51,7.58,78.71,11.87,23.38,34.90,7.96,-4.39,30.82
2019-04-21 14:04:05.997218,2_baseline,No Car,No Car,No Car,No Car,No Car,No Car,14.86,49.30,38.99,4.58,17.69,27.86,41.27,47.85,-1.90,21.12,65.67,41.18,18.51,34.48,-24.80,49.48,56.99,23.25,10.43,7.94,78.71,12.59,23.02,33.87,8.51,-4.20,29.95
2019-04-21 14:04:17.641642,2_baseline,No Car,No Car,No Car,No Car,No Car,No Car,15.21,48.23,37.28,3.88,18.40,29.21,42.34,48.93,-1.90,19.37,65.32,41.86,18.16,33.41,-25.48,47.70,56.63,23.25,8.81,9.20,78.19,12.95,24.45,34.21,6.88,-3.29,31.52
2019-04-21 14:04:56.391333,2_baseline,No Car,No Car,No Car,No Car,No Car,No Car,14.86,48.23,36.94,4.94,17.69,28.20,40.55,47.49,-2.25,21.12,66.72,42.19,18.69,34.66,-24.63,47.52,55.74,22.73,10.43,8.30,78.36,10.97,22.48,35.07,8.14,-2.38,29.95
2019-04-21 14:05:23.962306,2_baseline,No Car,No Car,No Car,No Car,No Car,No Car,15.39,49.13,37.80,6.35,18.04,29.21,42.69,48.21,-2.59,20.94,65.15,41.02,18.51,32.69,-23.77,46.62,56.27,23.59,11.51,9.38,77.67,12.77,23.91,34.38,6.88,-4.02,30.12
2019-04-21 14:06:23.472929,3_baseline,No Car,No Car,No Car,No Car,No Car,No Car,15.39,49.84,40.19,5.64,16.98,31.93,42.16,49.11,-1.38,20.60,63.75,42.02,17.98,33.94,-22.23,48.23,57.16,24.80,9.35,5.77,80.10,10.25,23.20,36.11,7.60,-2.56,30.82
2019-04-21 14:07:06.908341,3_baseline,No Car,No Car,No Car,No Car,No Car,No Car,14.68,50.20,39.16,4.94,18.75,30.91,41.09,48.39,-1.38,19.37,65.32,43.20,17.98,33.23,-23.26,48.77,56.63,23.94,9.89,6.67,78.88,12.05,22.12,35.42,7.96,-3.29,31.17
2019-04-21 14:07:33.212256,3_baseline,No Car,No Car,No Car,No Car,No Car,No Car,15.39,47.70,40.19,4.76,18.57,30.06,42.34,48.21,-0.86,19.37,65.67,43.54,18.51,34.12,-22.40,48.77,56.27,23.94,8.99,6.86,81.14,10.43,23.02,36.28,6.70,-2.38,33.45
2019-04-21 14:07:51.996125,3_baseline,No Car,No Car,No Car,No Car,No Car,No Car,15.39,48.41,39.85,5.47,18.22,29.72,43.05,49.29,-2.25,20.07,63.92,42.86,16.92,34.30,-22.92,48.05,55.91,23.25,8.99,6.49,79.40,10.43,23.73,36.28,9.05,-4.39,32.22
2019-04-21 14:08:34.407768,3_baseline,No Car,No Car,No Car,No Car,No Car,No Car,15.21,50.02,39.68,5.47,17.86,30.06,40.73,49.11,-0.35,19.55,65.85,43.70,18.33,33.94,-21.89,48.77,57.70,23.94,10.97,5.95,79.23,11.87,21.22,36.28,8.14,-4.57,31.70
2019-04-21 14:08:57.519804,3_baseline,No Car,No Car,No Car,No Car,No Car,No Car,14.15,49.66,39.68,4.41,18.93,29.38,41.09,48.39,-0.35,19.20,65.15,43.70,17.63,33.94,-22.92,48.23,57.52,25.83,10.25,5.59,80.62,12.77,22.48,36.11,8.51,-4.20,32.05
2019-04-21 14:09:12.332513,3_baseline,No Car,No Car,No Car,No Car,No Car,No Car,14.33,49.13,39.85,6.17,18.57,29.72,41.98,47.85,-1.56,20.60,65.50,43.03,17.10,33.41,-21.04,50.38,56.81,25.14,10.07,6.49,80.10,12.05,21.76,35.77,7.24,-5.12,31.87
2019-04-21 14:09:33.480562,3_baseline,No Car,No Car,No Car,No Car,No Car,No Car,15.74,49.13,40.19,4.94,18.75,32.27,41.44,49.11,-1.38,19.02,64.62,42.86,19.39,33.23,-21.89,49.30,57.16,24.11,8.81,6.67,82.70,12.95,22.66,36.63,7.06,-3.47,32.75
2019-04-21 14:10:16.369249,3_baseline,No Car,No Car,No Car,No Car,No Car,No Car,13.97,49.48,38.48,6.35,16.63,30.23,40.37,48.03,-0.69,19.02,64.27,42.19,19.04,34.30,-22.23,49.30,56.81,24.45,9.53,7.40,82.00,11.33,21.76,36.80,7.96,-4.75,33.27
2019-04-21 14:13:21.583266,4_baseline,No Car,No Car,No Car,No Car,No Car,No Car,15.39,46.98,40.53,4.23,15.57,33.29,41.62,46.78,1.56,19.90,60.24,42.70,17.81,30.55,-22.40,46.27,53.77,24.62,7.73,3.43,77.84,11.87,19.42,35.59,6.88,-7.68,32.57
2019-04-21 14:13:28.594047,4_baseline,No Car,No Car,No Car,No Car,No Car,No Car,13.27,46.62,41.22,5.64,14.50,31.59,41.27,46.42,1.90,19.90,61.29,42.70,17.10,29.83,-20.35,48.59,54.31,25.48,8.09,3.07,78.88,11.33,18.88,36.80,5.61,-7.86,32.75
2019-04-21 14:13:45.678981,4_baseline,No Car,No Car,No Car,No Car,No Car,No Car,13.44,47.16,40.36,4.23,15.57,30.91,41.98,46.78,0.17,19.20,61.64,41.69,17.98,30.37,-22.23,48.05,55.20,24.62,9.17,2.71,79.23,10.25,19.96,36.80,7.78,-7.49,31.70
2019-04-21 14:14:08.790689,4_baseline,No Car,No Car,No Car,No Car,No Car,No Car,13.44,48.23,40.70,5.82,14.68,32.44,41.27,45.34,0.17,18.33,61.82,44.21,16.75,31.98,-20.35,48.59,54.31,24.80,7.73,3.79,79.92,12.05,19.24,36.80,8.14,-7.13,33.45
2019-04-21 14:14:16.822430,4_baseline,No Car,No Car,No Car,No Car,No Car,No Car,14.68,46.98,40.87,3.00,15.39,33.12,39.84,47.49,1.56,18.50,62.69,43.37,16.40,30.90,-21.72,47.88,54.66,24.45,8.45,3.07,78.88,10.79,19.78,35.59,7.24,-7.68,34.67
2019-04-21 14:14:25.911382,4_baseline,No Car,No Car,No Car,No Car,No Car,No Car,12.91,45.55,39.16,3.17,14.86,32.61,42.16,46.96,-0.35,18.15,61.29,43.70,17.81,31.98,-22.06,48.23,55.38,26.17,8.63,3.25,81.48,10.79,19.42,37.67,5.61,-8.59,32.40
2019-04-21 14:14:48.112388,4_baseline,No Car,No Car,No Car,No Car,No Car,No Car,14.50,45.73,42.07,3.88,15.21,31.25,41.27,46.06,1.56,19.72,60.77,42.86,16.92,31.44,-21.21,46.98,53.77,24.97,8.99,2.89,79.75,8.45,20.32,36.11,8.33,-8.04,32.57
2019-04-21 14:15:00.221270,4_baseline,No Car,No Car,No Car,No Car,No Car,No Car,13.80,47.16,40.70,4.76,15.74,32.78,41.98,45.70,1.56,16.76,61.64,42.70,17.98,30.01,-20.52,48.05,55.20,25.66,8.27,2.16,78.71,11.33,19.24,37.49,7.24,-6.94,32.57
2019-04-21 14:15:16.250287,4_baseline,No Car,No Car,No Car,No Car,No Car,No Car,13.80,46.45,41.73,4.41,15.74,33.12,41.27,47.14,1.21,18.68,63.92,42.86,17.10,29.48,-20.69,48.59,53.95,23.76,9.53,4.15,79.58,11.69,18.16,37.15,6.52,-6.94,32.92
2019-04-21 14:15:31.206992,4_baseline,No Car,No Car,No Car,No Car,No Car,No Car,12.74,46.09,40.02,3.70,15.03,31.76,42.34,46.06,0.52,19.20,61.99,43.70,16.75,31.62,-21.38,47.88,53.59,25.83,8.27,3.97,79.06,11.87,19.42,36.28,8.33,-7.68,34.32
2019-04-21 14:15:47.380247,4_baseline,No Car,No Car,No Car,No Car,No Car,No Car,13.62,45.55,40.53,5.29,14.50,31.93,41.27,46.06,0.17,19.02,61.82,44.21,16.92,31.08,-23.26,46.45,53.23,25.14,7.37,3.43,79.23,11.15,18.34,36.98,7.24,-8.41,30.82
2019-04-21 14:16:11.388560,4_baseline,No Car,No Car,No Car,No Car,No Car,No Car,14.33,47.34,41.22,3.17,16.27,32.61,42.52,46.96,0.00,18.33,61.82,42.86,17.10,30.55,-21.04,47.34,53.41,26.69,9.35,3.25,78.71,10.43,17.98,36.98,7.96,-8.41,32.92
2019-04-21 14:18:39.504140,5_baseline,No Car,No Car,No Car,No Car,No Car,No Car,15.39,48.77,39.16,4.58,17.69,27.86,40.55,47.85,-1.90,19.20,63.39,40.01,16.75,32.69,-23.43,46.80,54.31,21.01,7.55,4.69,76.63,10.79,22.30,33.87,5.43,-5.48,30.47
2019-04-21 14:18:55.552715,5_baseline,No Car,No Car,No Car,No Car,No Car,No Car,15.03,47.70,37.45,2.82,18.40,27.86,40.91,48.57,-3.28,18.85,63.39,40.34,18.16,33.41,-25.82,47.70,55.91,23.25,7.37,4.87,77.84,12.41,21.76,33.69,7.06,-4.20,31.00
2019-04-21 14:20:50.037196,5_baseline,No Car,No Car,No Car,No Car,No Car,No Car,14.15,48.59,37.97,4.76,18.22,30.40,40.01,47.32,-3.11,19.72,64.62,40.85,16.75,32.69,-24.11,47.70,54.48,22.21,8.81,6.67,76.45,12.23,22.66,34.56,7.06,-6.40,30.65
2019-04-21 14:20:58.070997,5_baseline,No Car,No Car,No Car,No Car,No Car,No Car,15.92,47.88,36.94,3.35,15.39,28.37,40.01,48.75,-0.69,19.20,63.75,40.01,17.45,33.05,-24.11,47.52,55.74,22.73,8.63,6.13,76.63,10.61,21.76,35.42,6.88,-4.75,29.07
2019-04-21 14:21:06.103818,5_baseline,No Car,No Car,No Car,No Car,No Car,No Car,14.68,48.05,38.14,4.41,16.80,29.72,40.73,48.75,-2.42,18.85,63.04,40.34,15.87,31.80,-21.89,47.34,55.91,21.87,9.35,5.41,76.97,10.61,21.40,34.04,6.33,-3.47,29.25
2019-04-21 14:21:14.138224,5_baseline,No Car,No Car,No Car,No Car,No Car,No Car,13.44,48.59,38.31,3.53,18.75,29.89,41.27,48.93,-1.21,19.55,63.39,42.02,15.87,33.23,-25.31,45.91,54.48,21.52,9.71,6.49,77.32,10.43,21.22,35.25,5.25,-5.30,29.60
2019-04-21 14:21:22.173552,5_baseline,No Car,No Car,No Car,No Car,No Car,No Car,14.50,48.95,38.99,1.94,17.16,29.04,39.84,48.21,-1.21,20.25,63.75,40.68,17.63,33.23,-22.58,47.34,57.34,23.94,7.91,6.13,78.02,10.97,21.40,34.38,5.97,-5.66,31.00
2019-04-21 14:21:30.207500,5_baseline,No Car,No Car,No Car,No Car,No Car,No Car,15.21,48.95,38.65,4.05,17.86,29.38,39.66,48.03,-1.38,19.72,64.27,41.52,17.45,34.12,-24.11,46.27,56.99,22.56,10.43,7.58,77.67,11.15,21.22,33.87,7.06,-5.30,30.30
2019-04-21 14:21:41.258687,5_baseline,No Car,No Car,No Car,No Car,No Car,No Car,14.68,48.41,37.45,4.05,17.86,28.37,41.27,48.21,-2.59,19.55,61.99,40.34,15.87,33.58,-22.92,48.05,55.56,22.90,8.63,6.13,77.67,10.43,21.94,34.21,6.33,-4.57,31.70
2019-04-21 14:21:50.351415,5_baseline,No Car,No Car,No Car,No Car,No Car,No Car,15.39,46.98,37.45,3.70,17.51,27.01,40.01,47.32,-1.73,19.02,62.87,40.17,15.87,32.51,-22.92,46.27,56.99,22.90,7.55,6.49,77.32,11.33,21.04,33.69,4.52,-4.57,30.30
2019-04-21 14:21:58.384408,5_baseline,No Car,No Car,No Car,No Car,No Car,No Car,14.33,48.77,38.48,6.17,17.16,29.72,41.09,47.67,-1.38,18.85,63.04,41.02,18.16,32.69,-23.43,46.98,55.56,22.90,8.81,5.95,76.45,9.35,23.02,35.25,5.79,-4.75,31.17
2019-04-21 14:22:12.454190,5_baseline,No Car,No Car,No Car,No Car,No Car,No Car,16.27,46.80,36.60,5.11,16.10,28.03,40.01,49.47,-1.73,20.25,64.45,40.01,17.45,32.69,-24.80,47.70,55.20,23.94,8.09,5.59,78.54,11.33,21.76,34.38,6.52,-5.12,29.07
2019-04-21 14:23:14.710307,5_baseline,No Car,No Car,No Car,No Car,No Car,No Car,15.92,47.88,37.63,3.88,16.63,28.54,40.01,47.67,-2.42,19.02,64.27,39.50,18.86,33.41,-23.43,47.16,55.38,23.07,8.99,6.13,77.67,10.79,21.94,34.56,7.96,-5.12,29.42
2019-04-21 14:23:42.264826,5_baseline,No Car,No Car,No Car,No Car,No Car,No Car,14.86,49.30,38.99,3.88,16.27,28.54,39.84,48.21,-2.59,19.02,64.62,40.51,17.45,31.98,-24.80,46.45,56.09,22.39,7.37,5.95,77.15,11.51,21.58,33.52,6.88,-5.12,30.12
2019-04-21 14:24:36.442165,5_baseline,No Car,No Car,No Car,No Car,No Car,No Car,14.68,48.77,38.14,3.88,16.63,28.54,39.66,47.67,-2.07,18.68,63.22,38.83,17.81,33.76,-24.11,47.88,55.38,23.76,9.53,6.67,77.84,11.69,22.12,36.11,5.79,-4.75,30.47
2019-04-21 14:24:46.437004,5_baseline,No Car,No Car,No Car,No Car,No Car,No Car,14.15,47.16,37.97,2.64,16.80,28.37,41.27,47.49,-2.25,19.02,63.92,40.17,16.92,32.87,-23.94,47.34,55.56,22.90,10.43,5.77,77.32,9.53,21.04,35.07,6.70,-4.20,30.30
2019-04-21 14:28:32.562146,5_baseline,No Car,No Car,No Car,No Car,No Car,No Car,14.50,47.52,38.31,3.53,16.98,29.55,40.91,48.21,-3.28,19.90,63.39,41.69,17.63,31.44,-24.63,46.80,56.09,22.39,8.81,5.95,76.80,11.33,22.12,34.04,6.70,-5.30,31.00
2019-04-21 14:28:49.955818,5_baseline,No Car,No Car,No Car,No Car,No Car,No Car,14.33,45.91,37.80,2.64,17.86,28.03,40.91,47.85,-3.28,20.07,63.57,41.52,17.98,32.15,-23.60,46.98,56.63,22.90,9.89,4.87,76.45,11.51,22.66,34.21,6.88,-5.85,29.77
2019-04-21 14:30:46.217751,6_baseline,No Car,No Car,No Car,No Car,No Car,No Car,-9.37,25.90,39.85,-19.75,-4.25,30.23,14.47,22.04,2.59,-6.28,41.33,43.03,-7.23,9.83,-21.04,21.79,32.51,23.42,-18.52,-18.22,81.31,-13.49,-5.21,34.73,-19.55,-26.68,29.07
2019-04-21 14:31:01.056485,6_baseline,No Car,No Car,No Car,No Car,No Car,No Car,-10.44,26.97,42.24,-20.27,-5.13,30.40,14.83,23.12,3.97,-6.63,40.28,44.04,-8.29,7.32,-21.38,21.44,32.87,22.73,-19.60,-19.30,79.58,-15.82,-4.68,35.59,-17.56,-26.86,30.30
2019-04-21 14:31:17.079004,6_baseline,No Car,No Car,No Car,No Car,No Car,No Car,-9.37,25.90,41.22,-20.63,-6.19,30.74,15.36,24.73,2.76,-7.68,42.38,44.38,-6.88,7.68,-21.72,23.76,31.62,21.87,-18.34,-19.12,80.10,-13.31,-4.32,34.90,-19.36,-27.96,31.00
2019-04-21 14:31:25.111242,6_baseline,No Car,No Car,No Car,No Car,No Car,No Car,-11.14,25.90,40.19,-21.51,-5.31,29.55,15.36,24.02,2.42,-6.63,42.03,45.72,-6.52,6.97,-22.75,22.51,32.51,23.07,-17.62,-19.84,80.10,-13.31,-2.88,34.90,-18.10,-27.41,30.12
2019-04-21 14:31:31.186792,6_baseline,No Car,No Car,No Car,No Car,No Car,No Car,-9.91,25.37,41.39,-19.57,-4.78,31.08,15.54,24.20,1.90,-7.85,40.45,43.54,-7.76,7.50,-20.86,21.44,31.44,24.45,-17.80,-18.58,78.54,-13.85,-3.42,34.73,-17.56,-27.23,31.00
2019-04-21 14:31:44.346537,6_baseline,No Car,No Car,No Car,No Car,No Car,No Car,-10.26,25.72,40.36,-21.16,-4.95,30.57,16.79,25.09,2.76,-8.03,40.98,45.39,-7.40,7.86,-21.55,22.51,33.23,24.45,-18.70,-20.20,79.40,-15.46,-2.16,35.94,-18.28,-27.23,30.65
2019-04-21 14:31:52.379329,6_baseline,No Car,No Car,No Car,No Car,No Car,No Car,-11.14,26.97,41.56,-22.04,-5.48,30.74,15.36,24.02,3.11,-6.11,40.45,43.54,-6.88,8.75,-21.04,21.97,33.05,22.90,-18.34,-19.12,79.06,-15.28,-5.21,34.73,-18.46,-28.51,29.77
2019-04-21 14:32:00.413068,6_baseline,No Car,No Car,No Car,No Car,No Car,No Car,-10.26,25.72,38.99,-21.51,-4.25,31.25,15.72,24.02,1.38,-7.85,40.10,44.88,-6.70,8.57,-21.21,21.26,31.62,23.25,-18.34,-18.04,80.79,-13.13,-3.78,33.69,-20.09,-27.23,30.65
2019-04-21 14:32:09.348307,6_baseline,No Car,No Car,No Car,No Car,No Car,No Car,-9.55,26.44,40.70,-20.80,-4.60,29.55,14.47,23.12,3.28,-7.33,41.68,44.04,-6.35,8.93,-21.89,22.33,32.33,22.56,-19.24,-18.58,79.58,-14.03,-4.32,33.52,-18.46,-27.41,30.12
2019-04-21 14:32:17.382855,6_baseline,No Car,No Car,No Car,No Car,No Car,No Car,-11.85,25.55,42.59,-20.80,-5.31,31.25,15.54,24.55,3.28,-6.11,41.15,44.21,-5.99,7.15,-21.21,22.87,32.15,24.11,-17.80,-18.58,80.62,-13.13,-2.70,34.73,-18.64,-27.59,30.65
2019-04-21 14:32:25.567163,6_baseline,No Car,No Car,No Car,No Car,No Car,No Car,-11.14,26.26,39.85,-21.33,-6.19,30.74,16.26,23.48,1.90,-6.11,40.80,44.88,-6.88,9.11,-21.72,22.51,32.15,24.11,-19.78,-18.40,79.06,-12.95,-4.68,34.90,-18.82,-26.68,29.42
2019-04-21 14:32:31.488547,6_baseline,No Car,No Car,No Car,No Car,No Car,No Car,-10.44,25.90,40.53,-20.10,-3.89,29.89,16.79,25.09,2.42,-8.03,40.63,43.70,-7.93,8.40,-22.06,22.51,32.87,23.42,-18.34,-18.40,80.10,-12.77,-4.14,34.04,-19.36,-27.59,30.30
2019-04-21 14:35:49.196310,7_baseline,No Car,No Car,No Car,No Car,No Car,No Car,-10.44,25.55,38.82,-22.39,-4.78,30.06,15.72,22.94,2.76,-6.63,41.68,41.69,-8.11,7.86,-23.26,21.62,32.33,23.59,-19.96,-18.22,79.23,-15.64,-1.62,35.07,-19.73,-26.86,29.95
2019-04-21 14:36:24.387434,7_baseline,No Car,No Car,No Car,No Car,No Car,No Car,-10.97,25.37,40.02,-20.98,-4.07,29.38,15.18,24.55,2.59,-7.51,42.56,41.52,-7.76,8.93,-21.21,22.33,32.33,22.21,-21.76,-18.58,79.58,-15.10,-3.24,33.87,-18.46,-27.05,30.47
2019-04-21 14:37:01.824291,7_baseline,No Car,No Car,No Car,No Car,No Car,No Car,-10.26,26.80,39.68,-21.33,-4.78,30.40,15.36,24.37,3.11,-7.16,40.80,41.52,-8.29,9.83,-23.09,23.40,33.05,23.25,-20.32,-17.14,79.58,-14.38,-2.88,33.87,-19.73,-27.23,30.30
2019-04-21 14:37:22.977126,7_baseline,No Car,No Car,No Car,No Car,No Car,No Car,-10.79,26.26,40.53,-22.21,-6.01,29.89,17.51,25.09,2.07,-6.11,41.15,43.20,-7.76,7.15,-23.94,21.97,33.41,23.25,-20.14,-18.40,80.79,-16.54,-2.52,35.25,-18.28,-26.86,29.60
2019-04-21 14:39:59.390154,7_baseline,No Car,No Car,No Car,No Car,No Car,No Car,-9.91,26.80,39.34,-22.92,-3.89,30.91,15.72,25.09,2.07,-6.81,41.85,43.20,-8.81,8.22,-22.92,21.97,32.69,23.25,-20.32,-17.86,79.23,-15.64,-1.98,34.04,-20.27,-26.31,29.77
2019-04-21 14:40:32.911950,7_baseline,No Car,No Car,No Car,No Car,No Car,No Car,-11.85,25.90,40.19,-22.92,-3.89,31.59,16.26,25.27,1.90,-5.59,40.98,42.36,-7.40,7.86,-22.23,22.51,32.15,22.73,-19.96,-17.14,81.31,-14.20,-1.98,34.04,-20.63,-26.68,30.12
2019-04-21 14:41:11.258277,7_baseline,No Car,No Car,No Car,No Car,No Car,No Car,-10.79,26.62,40.19,-21.86,-4.60,30.91,13.93,24.37,3.11,-7.16,40.45,41.86,-8.99,8.75,-22.40,21.62,33.41,23.25,-19.42,-18.76,81.83,-14.20,-2.34,33.00,-18.46,-27.05,30.12
2019-04-21 14:41:27.584391,7_baseline,No Car,No Car,No Car,No Car,No Car,No Car,-11.50,25.55,40.19,-21.86,-5.66,30.23,16.79,25.45,3.11,-7.68,40.28,43.37,-8.81,7.86,-21.55,21.79,31.80,23.76,-18.70,-17.32,78.71,-16.54,-1.08,35.25,-19.55,-27.41,30.82
2019-04-21 14:41:38.632970,7_baseline,No Car,No Car,No Car,No Car,No Car,No Car,-11.32,23.94,39.34,-21.33,-4.78,30.74,15.54,24.20,4.32,-7.85,41.85,42.19,-8.11,9.29,-21.89,22.15,32.87,23.42,-19.96,-19.30,80.62,-16.00,-1.62,34.38,-20.45,-28.32,30.65
2019-04-21 14:41:49.534482,7_baseline,No Car,No Car,No Car,No Car,No Car,No Car,-11.14,25.90,39.16,-21.51,-4.60,28.87,14.65,24.73,2.76,-8.38,39.93,42.36,-8.81,8.22,-23.26,22.87,32.87,24.11,-20.14,-18.76,80.79,-16.54,-2.52,34.56,-20.09,-26.13,29.25
2019-04-21 14:42:03.597318,7_baseline,No Car,No Car,No Car,No Car,No Car,No Car,-11.50,26.62,39.85,-21.16,-4.95,29.21,15.72,24.73,3.11,-6.28,40.98,44.04,-7.76,7.86,-22.92,22.69,31.98,24.62,-20.68,-17.14,80.62,-14.74,-2.88,34.21,-19.55,-28.14,30.47
2019-04-21 14:42:23.848498,7_baseline,No Car,No Car,No Car,No Car,No Car,No Car,-10.79,26.26,40.87,-22.74,-4.42,30.74,15.72,24.37,3.11,-7.16,40.80,42.86,-7.40,8.93,-22.23,21.26,32.33,23.25,-20.32,-16.78,79.58,-15.10,-1.80,33.17,-18.28,-27.23,29.60
2019-04-21 14:44:54.254304,8_baseline,No Car,No Car,No Car,No Car,No Car,No Car,-11.14,28.76,42.93,-21.16,-3.54,33.97,16.97,27.42,6.39,-5.93,42.73,47.40,-8.29,10.54,-19.33,24.29,33.58,26.17,-20.14,-18.04,83.91,-14.92,-2.34,38.53,-17.92,-26.86,32.75
2019-04-21 14:45:05.930519,8_baseline,No Car,No Car,No Car,No Car,No Car,No Car,-10.61,25.72,43.10,-20.10,-3.89,34.31,17.51,26.17,4.84,-6.63,43.08,47.40,-7.76,9.29,-19.15,23.94,33.94,26.52,-20.50,-18.04,83.22,-13.85,-1.98,38.53,-18.10,-26.68,33.62
2019-04-21 14:45:15.922401,8_baseline,No Car,No Car,No Car,No Car,No Car,No Car,-10.08,26.97,43.61,-22.04,-3.36,32.44,17.15,27.24,6.22,-6.63,41.68,47.07,-7.93,8.40,-19.33,24.12,34.12,26.35,-21.04,-19.66,83.39,-13.49,-3.06,37.84,-18.46,-25.58,34.67
2019-04-21 14:45:25.914636,8_baseline,No Car,No Car,No Car,No Car,No Car,No Car,-10.08,27.69,43.61,-21.86,-3.89,33.63,17.51,26.88,5.53,-6.46,42.56,47.57,-9.87,10.72,-19.50,24.47,33.76,26.35,-21.76,-20.02,85.12,-14.74,-0.72,36.98,-17.37,-25.95,33.27
2019-04-21 14:45:36.058143,8_baseline,No Car,No Car,No Car,No Car,No Car,No Car,-10.26,27.51,42.76,-20.45,-3.18,34.65,16.26,25.99,6.05,-7.85,44.66,47.91,-5.99,9.65,-19.84,23.76,33.05,26.35,-20.50,-17.68,84.95,-13.85,-3.42,38.18,-18.64,-26.13,34.50
2019-04-21 14:45:46.057639,8_baseline,No Car,No Car,No Car,No Car,No Car,No Car,-11.14,26.97,44.64,-20.63,-4.07,33.46,16.61,27.06,6.05,-6.98,42.73,47.07,-6.52,9.11,-19.67,23.40,33.05,28.07,-21.22,-16.60,83.91,-14.74,-3.60,37.32,-17.01,-25.95,32.92
2019-04-21 14:45:56.054613,8_baseline,No Car,No Car,No Car,No Car,No Car,No Car,-11.85,27.33,43.27,-20.80,-4.60,34.65,18.04,26.35,5.36,-7.85,42.56,47.23,-7.76,8.57,-18.47,23.40,34.12,25.31,-20.86,-17.68,85.99,-14.38,-3.60,37.67,-17.92,-25.77,32.75
2019-04-21 14:46:09.367292,8_baseline,No Car,No Car,No Car,No Car,No Car,No Car,-11.67,27.15,43.10,-20.63,-4.78,32.10,17.15,25.45,4.49,-7.85,42.20,46.90,-7.23,9.11,-18.30,21.97,34.12,25.66,-20.14,-19.12,85.64,-16.36,-2.70,38.53,-18.10,-25.95,32.57
2019-04-21 14:46:19.361841,8_baseline,No Car,No Car,No Car,No Car,No Car,No Car,-12.03,27.51,43.78,-22.39,-3.01,34.48,17.15,26.88,6.57,-6.63,41.68,46.39,-7.93,9.83,-18.64,24.83,34.83,26.69,-21.94,-17.68,83.22,-14.74,-1.44,39.74,-17.56,-26.13,31.70
2019-04-21 14:46:42.624159,8_baseline,No Car,No Car,No Car,No Car,No Car,No Car,-9.91,28.58,42.76,-20.80,-3.18,33.29,17.51,25.45,6.22,-7.33,44.13,47.40,-8.46,8.57,-19.15,24.29,34.30,27.21,-20.32,-18.58,84.78,-14.03,-1.80,39.05,-18.10,-25.95,32.22
2019-04-21 14:46:54.574569,8_baseline,No Car,No Car,No Car,No Car,No Car,No Car,-10.44,26.26,43.27,-20.10,-4.60,33.97,18.04,27.06,5.36,-6.98,43.08,45.72,-8.81,8.93,-17.44,22.87,33.94,26.52,-20.86,-18.40,84.60,-14.92,-3.78,37.15,-17.56,-26.13,32.75
2019-04-21 14:47:06.682279,8_baseline,No Car,No Car,No Car,No Car,No Car,No Car,-10.79,27.33,43.95,-21.33,-3.36,32.10,18.40,26.35,5.01,-7.85,42.91,46.90,-8.29,9.47,-19.33,22.69,35.19,25.66,-20.14,-18.04,84.95,-14.74,-2.52,38.70,-17.92,-25.77,33.80
2019-04-21 14:47:57.409706,8_baseline,No Car,No Car,No Car,No Car,No Car,No Car,-10.97,26.80,44.47,-21.16,-5.31,32.61,16.79,25.81,4.84,-7.68,42.38,46.06,-6.52,9.47,-18.64,23.94,33.23,27.21,-22.48,-17.86,85.12,-15.82,-2.16,39.05,-17.19,-26.13,32.40
2019-04-21 14:49:06.496686,9_baseline,No Car,No Car,No Car,No Car,No Car,No Car,-11.14,24.12,41.90,-22.39,-8.31,31.76,16.61,23.12,5.70,-7.85,41.50,44.55,-8.81,6.07,-19.15,22.15,30.73,25.48,-20.68,-21.83,82.70,-14.74,-6.47,36.28,-19.73,-30.52,31.70
2019-04-21 14:49:18.634239,9_baseline,No Car,No Car,No Car,No Car,No Car,No Car,-12.56,23.76,42.93,-22.04,-7.25,32.10,15.90,22.76,5.36,-8.73,39.23,46.39,-9.34,6.61,-20.35,22.51,32.51,25.83,-21.40,-21.11,83.74,-14.92,-6.29,33.69,-20.27,-28.87,31.52
2019-04-21 14:49:28.627568,9_baseline,No Car,No Car,No Car,No Car,No Car,No Car,-12.03,24.65,42.41,-21.86,-8.14,31.59,16.79,21.15,6.91,-8.55,41.15,44.88,-7.23,6.25,-22.06,21.62,30.55,24.97,-21.22,-20.93,82.87,-15.10,-4.32,35.94,-19.18,-28.51,31.87
2019-04-21 14:49:56.863261,9_baseline,No Car,No Car,No Car,No Car,No Car,No Car,-11.14,23.04,42.24,-24.33,-5.66,32.95,16.08,22.58,5.53,-7.33,39.93,45.72,-8.64,6.25,-20.01,24.65,30.01,25.14,-20.68,-20.75,82.00,-16.36,-4.85,34.04,-19.00,-29.79,31.35
2019-04-21 14:50:08.971037,9_baseline,No Car,No Car,No Car,No Car,No Car,No Car,-12.20,23.76,43.27,-20.98,-7.25,32.44,14.11,22.40,7.78,-7.51,39.05,46.23,-9.52,7.50,-20.18,21.97,30.19,25.66,-20.68,-21.11,82.00,-15.28,-4.50,34.38,-19.18,-30.33,31.17
2019-04-21 14:50:17.008041,9_baseline,No Car,No Car,No Car,No Car,No Car,No Car,-10.79,24.47,40.87,-23.45,-6.19,32.44,15.01,21.87,5.53,-8.20,40.10,46.56,-9.52,7.50,-19.84,22.69,30.90,24.97,-22.30,-20.20,84.26,-14.56,-5.21,34.73,-19.00,-29.79,33.10
2019-04-21 14:50:25.044648,9_baseline,No Car,No Car,No Car,No Car,No Car,No Car,-12.56,23.04,42.59,-23.80,-5.84,32.78,14.47,23.12,6.39,-7.85,40.10,45.55,-6.35,6.07,-21.21,23.94,29.30,24.45,-21.58,-21.65,82.87,-15.46,-5.39,33.87,-19.73,-29.79,31.00
2019-04-21 14:50:33.075620,9_baseline,No Car,No Car,No Car,No Car,No Car,No Car,-10.08,24.83,42.93,-21.86,-8.49,33.63,15.36,22.94,4.49,-8.90,39.40,46.23,-8.99,5.18,-20.35,22.33,31.26,24.97,-21.22,-21.29,82.52,-15.10,-5.39,36.63,-20.09,-28.69,31.00
2019-04-21 14:50:44.268410,9_baseline,No Car,No Car,No Car,No Car,No Car,No Car,-12.20,24.83,42.59,-22.21,-7.78,32.95,15.01,24.37,6.91,-7.85,39.40,46.23,-7.58,6.61,-21.04,21.44,30.73,26.17,-21.94,-21.65,82.18,-15.82,-4.32,34.21,-18.64,-30.15,31.35
2019-04-21 14:50:52.295042,9_baseline,No Car,No Car,No Car,No Car,No Car,No Car,-10.97,24.29,41.39,-23.09,-6.90,32.78,15.01,22.58,5.53,-7.85,39.40,45.55,-8.46,5.72,-20.52,22.33,30.90,24.62,-20.68,-20.75,83.04,-16.00,-3.78,35.77,-18.82,-28.87,31.52
2019-04-21 14:51:04.400685,9_baseline,No Car,No Car,No Car,No Car,No Car,No Car,-12.20,24.47,42.93,-21.51,-7.43,32.27,16.26,22.04,5.36,-8.38,39.93,45.05,-7.58,6.61,-22.40,22.33,31.62,24.62,-21.40,-20.75,82.70,-16.36,-6.65,36.11,-19.36,-27.59,31.35
2019-04-21 14:51:11.524925,9_baseline,No Car,No Car,No Car,No Car,No Car,No Car,-11.14,24.12,41.22,-22.74,-7.25,32.10,16.26,22.40,6.05,-7.85,40.45,47.91,-7.23,5.90,-19.67,21.97,31.62,24.62,-21.04,-20.02,84.08,-15.10,-5.39,36.28,-18.28,-29.79,30.65
2019-04-21 14:51:38.721304,9_baseline,No Car,No Car,No Car,No Car,No Car,No Car,-11.14,25.90,41.90,-22.57,-8.49,32.61,15.72,22.58,5.18,-8.20,39.40,46.23,-8.99,7.32,-20.69,21.44,29.30,26.86,-20.68,-20.75,82.35,-15.64,-5.57,35.42,-19.18,-28.51,31.87
2019-04-21 14:51:45.711436,9_baseline,No Car,No Car,No Car,No Car,No Car,No Car,-11.50,24.83,41.90,-22.39,-7.25,32.44,14.47,23.84,5.01,-7.16,39.40,47.57,-8.99,4.82,-18.98,22.33,29.83,24.28,-21.04,-20.75,82.00,-16.18,-5.75,35.59,-19.36,-29.42,32.40
2019-04-21 14:53:02.199874,10_baseline,No Car,No Car,No Car,No Car,No Car,No Car,-11.67,26.44,40.70,-23.98,-5.31,30.91,15.90,22.04,5.01,-8.73,41.68,44.71,-8.81,7.15,-22.23,22.87,32.87,23.42,-21.76,-18.58,81.66,-14.74,-3.96,33.17,-20.09,-28.32,29.95
2019-04-21 14:53:10.115895,10_baseline,No Car,No Car,No Car,No Car,No Car,No Car,-12.03,24.65,39.68,-22.39,-5.13,32.44,14.65,22.94,3.46,-8.55,40.45,44.88,-10.40,8.04,-21.72,20.72,32.15,23.42,-21.40,-18.94,80.27,-15.28,-3.78,35.42,-20.45,-29.42,29.95
2019-04-21 14:53:19.207603,10_baseline,No Car,No Car,No Car,No Car,No Car,No Car,-11.85,25.55,40.19,-24.15,-6.19,32.10,15.36,22.58,4.15,-7.33,41.68,43.70,-9.17,8.93,-21.89,22.15,30.73,22.73,-21.76,-18.58,81.66,-15.28,-4.85,33.35,-19.73,-28.69,31.70
2019-04-21 14:53:29.206597,10_baseline,No Car,No Car,No Car,No Car,No Car,No Car,-11.85,26.62,41.22,-21.86,-5.66,31.25,15.72,24.02,4.49,-8.73,40.63,45.05,-7.40,7.86,-22.92,22.69,31.62,22.90,-19.42,-19.12,81.48,-16.54,-4.68,34.21,-20.27,-29.60,31.52
2019-04-21 14:53:40.259724,10_baseline,No Car,No Car,No Car,No Car,No Car,No Car,-11.50,25.55,41.22,-22.74,-6.19,30.74,15.54,23.48,3.28,-7.68,42.03,45.05,-8.46,6.79,-21.89,21.26,31.98,24.28,-21.76,-20.38,80.96,-16.00,-3.78,34.73,-19.91,-25.95,29.77
2019-04-21 14:53:49.347700,10_baseline,No Car,No Car,No Car,No Car,No Car,No Car,-12.91,24.83,39.85,-23.27,-5.31,31.59,14.47,23.12,4.32,-8.38,40.98,45.05,-10.58,7.86,-21.55,21.79,31.80,24.11,-21.40,-18.58,81.31,-15.64,-4.50,33.69,-20.09,-28.32,31.00
2019-04-21 14:53:55.572596,10_baseline,No Car,No Car,No Car,No Car,No Car,No Car,-12.03,26.08,39.68,-23.27,-6.01,30.57,15.18,23.84,5.01,-7.16,41.85,44.21,-7.76,7.50,-21.21,22.69,30.90,25.66,-22.30,-19.12,81.83,-15.82,-4.32,34.21,-18.46,-28.87,29.77
2019-04-21 14:54:03.606578,10_baseline,No Car,No Car,No Car,No Car,No Car,No Car,-12.20,25.55,40.19,-22.92,-6.01,31.25,15.72,23.30,5.53,-8.03,40.28,45.05,-9.17,7.15,-21.55,21.97,31.26,22.90,-21.22,-18.40,81.48,-15.82,-3.60,33.87,-19.73,-28.32,31.70
2019-04-21 14:54:11.642567,10_baseline,No Car,No Car,No Car,No Car,No Car,No Car,-10.97,23.94,41.05,-23.09,-6.90,31.76,15.72,24.37,3.11,-8.55,40.80,43.87,-7.58,8.75,-21.72,21.26,33.05,24.28,-21.04,-20.02,81.66,-16.18,-4.32,34.56,-20.09,-27.96,29.95
2019-04-21 14:54:18.623354,10_baseline,No Car,No Car,No Car,No Car,No Car,No Car,-12.56,24.83,39.85,-22.57,-6.72,30.91,14.29,23.30,5.18,-8.90,42.20,44.88,-7.93,8.04,-22.75,22.51,32.87,23.76,-21.04,-17.50,82.00,-16.00,-3.42,35.07,-19.00,-27.23,29.95
2019-04-21 14:54:28.771118,10_baseline,No Car,No Car,No Car,No Car,No Car,No Car,-12.38,25.37,41.39,-21.68,-5.13,31.42,15.36,24.37,3.80,-8.20,41.15,43.87,-8.11,7.86,-22.58,23.22,31.44,24.45,-21.22,-18.76,82.52,-16.00,-3.78,35.77,-19.36,-27.59,31.00
2019-04-21 14:54:36.804713,10_baseline,No Car,No Car,No Car,No Car,No Car,No Car,-13.44,25.37,40.70,-22.04,-6.19,30.40,15.18,23.84,3.63,-8.03,40.28,44.04,-8.46,7.50,-20.86,21.97,31.26,23.59,-20.50,-20.57,81.83,-15.46,-3.60,34.90,-20.81,-28.69,29.95
2019-04-21 14:54:47.854243,10_baseline,No Car,No Car,No Car,No Car,No Car,No Car,-12.91,25.19,41.22,-21.68,-5.48,29.72,15.90,23.48,3.97,-7.85,41.15,44.55,-8.29,8.04,-21.72,22.51,31.44,25.48,-21.22,-18.40,82.52,-15.46,-4.68,33.87,-20.09,-28.69,29.25
2019-04-21 14:54:58.003311,10_baseline,No Car,No Car,No Car,No Car,No Car,No Car,-13.44,25.01,40.70,-22.04,-5.13,30.40,15.72,23.66,4.15,-8.73,42.03,45.05,-9.70,7.32,-22.06,21.97,31.98,23.25,-21.22,-19.84,81.14,-16.00,-3.78,34.73,-21.17,-28.69,32.05
2019-04-21 14:55:52.585803,10_baseline,No Car,No Car,No Car,No Car,No Car,No Car,-12.74,25.01,38.65,-22.04,-5.13,30.06,15.54,23.12,4.67,-8.55,40.45,45.22,-9.34,9.47,-22.06,22.15,31.44,25.14,-21.22,-18.76,81.14,-15.28,-4.85,35.07,-19.00,-27.59,31.00
2019-04-21 14:56:01.543398,10_baseline,No Car,No Car,No Car,No Car,No Car,No Car,-12.20,25.19,40.87,-22.92,-6.37,30.23,15.01,24.73,4.15,-8.73,42.03,43.70,-8.81,7.15,-23.26,20.72,31.44,23.76,-20.68,-18.94,80.96,-16.18,-4.68,32.48,-19.91,-29.24,30.82
2019-04-21 14:56:10.483822,10_baseline,No Car,No Car,No Car,No Car,No Car,No Car,-11.32,25.72,40.70,-22.74,-6.90,31.76,15.72,24.37,4.84,-9.77,42.38,46.06,-8.29,8.75,-21.72,22.33,31.62,23.59,-20.68,-18.22,80.96,-16.00,-4.85,34.04,-19.36,-27.23,31.35
2019-04-21 14:56:21.535354,10_baseline,No Car,No Car,No Car,No Car,No Car,No Car,-12.38,26.44,40.36,-22.74,-5.13,30.74,15.72,22.22,5.18,-7.51,41.85,44.55,-8.29,6.97,-21.38,21.97,31.62,25.66,-21.76,-18.58,80.27,-16.54,-3.60,34.90,-19.73,-27.96,29.95
2019-04-21 14:56:32.587282,10_baseline,No Car,No Car,No Car,No Car,No Car,No Car,-11.50,25.19,39.85,-22.92,-4.60,31.25,14.83,22.76,3.97,-7.68,40.28,44.04,-9.52,8.22,-21.55,21.97,32.69,23.25,-21.94,-18.76,82.52,-15.46,-3.96,34.56,-19.73,-28.32,32.05
2019-04-21 14:56:44.840744,10_baseline,No Car,No Car,No Car,No Car,No Car,No Car,-12.91,24.83,39.85,-22.74,-6.19,30.40,16.08,22.58,4.84,-7.51,42.56,45.22,-8.64,7.68,-22.75,21.44,31.80,23.76,-22.30,-20.57,83.22,-16.72,-3.78,33.69,-18.64,-27.96,29.60
2019-04-21 14:56:55.887279,10_baseline,No Car,No Car,No Car,No Car,No Car,No Car,-11.50,24.83,40.53,-22.39,-6.54,31.08,15.90,23.12,4.32,-9.25,40.45,44.55,-8.11,8.22,-21.55,21.44,32.15,24.11,-20.86,-18.76,81.83,-15.46,-3.96,33.87,-19.55,-28.14,31.17
